<?xml version="1.0" encoding="UTF-8"?>

<mule xmlns:batch="http://www.mulesoft.org/schema/mule/batch" xmlns:sfdc="http://www.mulesoft.org/schema/mule/sfdc" xmlns:context="http://www.springframework.org/schema/context" xmlns:db="http://www.mulesoft.org/schema/mule/db" xmlns:metadata="http://www.mulesoft.org/schema/mule/metadata" xmlns:tracking="http://www.mulesoft.org/schema/mule/ee/tracking" xmlns:file="http://www.mulesoft.org/schema/mule/file" xmlns:dw="http://www.mulesoft.org/schema/mule/ee/dw" xmlns="http://www.mulesoft.org/schema/mule/core" xmlns:doc="http://www.mulesoft.org/schema/mule/documentation"
	xmlns:spring="http://www.springframework.org/schema/beans" 
	xmlns:xsi="http://www.w3.org/2001/XMLSchema-instance"
	xsi:schemaLocation="http://www.springframework.org/schema/beans http://www.springframework.org/schema/beans/spring-beans-current.xsd
http://www.mulesoft.org/schema/mule/core http://www.mulesoft.org/schema/mule/core/current/mule.xsd
http://www.mulesoft.org/schema/mule/file http://www.mulesoft.org/schema/mule/file/current/mule-file.xsd
http://www.mulesoft.org/schema/mule/ee/dw http://www.mulesoft.org/schema/mule/ee/dw/current/dw.xsd
http://www.mulesoft.org/schema/mule/db http://www.mulesoft.org/schema/mule/db/current/mule-db.xsd
http://www.mulesoft.org/schema/mule/ee/tracking http://www.mulesoft.org/schema/mule/ee/tracking/current/mule-tracking-ee.xsd
http://www.springframework.org/schema/context http://www.springframework.org/schema/context/spring-context-current.xsd
http://www.mulesoft.org/schema/mule/batch http://www.mulesoft.org/schema/mule/batch/current/mule-batch.xsd
http://www.mulesoft.org/schema/mule/sfdc http://www.mulesoft.org/schema/mule/sfdc/current/mule-sfdc.xsd">
    <context:property-placeholder location="examples-${env}.properties"/>
    <db:mysql-config name="MySQL_Configuration" host="${db.host}" port="${db.port}" user="${db.user}" password="${db.password}" database="${db.database}" doc:name="MySQL Configuration"/>
    <sfdc:config name="Salesforce__Basic_Authentication" username="mazen@hotmail.com" password="##Marwa010##" securityToken="6FAI5mR6TEY2QAIo7tVDY7ztV" doc:name="Salesforce: Basic Authentication"/>
    <batch:job name="trainingconnectorBatch">
        <batch:input>
            <poll doc:name="Poll">
                <fixed-frequency-scheduler frequency="20" timeUnit="SECONDS"/>
                <watermark variable="lastAccountID" default-expression="0" selector="MAX" selector-expression="#[payload.accountID]"/>
                <db:select config-ref="MySQL_Configuration" doc:name="Database">
                    <db:parameterized-query><![CDATA[SELECT * FROM accounts
where postal = 'H4N1X6' AND accountID > #[flowVars.lastAccountID]]]></db:parameterized-query>
                </db:select>
            </poll>
            <dw:transform-message doc:name="Transform Message">
                <dw:set-payload><![CDATA[%dw 1.0
%output application/java
---
payload map ((payload01 , indexOfPayload01) -> {
	Name: payload01.name,
	BillingStreet: payload01.street,
	BillingCity: payload01.city,
	BillingState: payload01.state,
	BillingPostalCode: payload01.postal,
	BillingCountry: payload01.country
})]]></dw:set-payload>
            </dw:transform-message>
        </batch:input>
        <batch:process-records>
            <batch:step name="Batch_Step3">
                <enricher source="#[payload.size() &gt; 0]" target="#[recordVars.exists]" doc:name="Message Enricher">
                    <sfdc:query config-ref="Salesforce__Basic_Authentication" query="dsql:SELECT Name FROM Account WHERE Name = '#[payload.Name]'" doc:name="check for duplicate in SF"/>
                </enricher>
                <logger level="INFO" doc:name="Logger"/>
            </batch:step>
            <batch:step name="Batch_Step2" accept-expression="#[!recordVars.exists]">
                <batch:commit size="10" doc:name="Batch Commit">
                    <sfdc:create config-ref="Salesforce__Basic_Authentication" type="Account" doc:name="inserNetRecords">
                        <sfdc:objects ref="#[payload]"/>
                    </sfdc:create>
                </batch:commit>
                <logger message="#['\n\n --------------------------------------------Record:was inserted ' + payload + '\n\n\n'] " level="WARN" doc:name="Logger"/>
            </batch:step>
        </batch:process-records>
        <batch:on-complete>
            <logger level="INFO" doc:name="Logger"/>
        </batch:on-complete>
    </batch:job>
    <batch:job name="getCSVAccountBatch">
        <batch:input>
            <file:inbound-endpoint path="src/main/resources/input" moveToPattern="#[message.inboundProperties.originalFilename].backup" moveToDirectory="src/main/resources/output" responseTimeout="10000" doc:name="File" metadata:id="dc39a4b4-9548-4021-bb00-7edff8b1553e">
                <file:filename-regex-filter pattern=".*csv" caseSensitive="false"/>
            </file:inbound-endpoint>
            <dw:transform-message doc:name="Transform Message">
                <dw:set-payload><![CDATA[%dw 1.0
%output application/java
---
payload]]></dw:set-payload>
            </dw:transform-message>
            <set-variable variableName="size" value="#[payload.size()]" doc:name="set size flow var"/>
        </batch:input>
        <batch:process-records>
            <batch:step name="Batch_Step">
                <set-variable variableName="fname" value="#[payload.Name]" doc:name="set fname flowvar"/>
                <batch:set-record-variable variableName="rname" value="#[payload.Name]" doc:name="set rnmae to record var"/>
                <logger message="#[recordVars.rname]" level="INFO" doc:name="Logger"/>
            </batch:step>
            <batch:step name="Batch_Step1">
                <logger message="#[recordVars.rname]" level="INFO" doc:name="Logger"/>
            </batch:step>
        </batch:process-records>
    </batch:job>
    <flow name="pollDatabaseFlow" initialState="stopped" processingStrategy="synchronous">
        <poll doc:name="Poll">
            <fixed-frequency-scheduler frequency="5" timeUnit="SECONDS"/>
            <watermark variable="lastAccountID" default-expression="0" selector="MAX" selector-expression="#[payload.accountID]"/>
            <db:select config-ref="MySQL_Configuration" doc:name="Database">
                <db:parameterized-query><![CDATA[SELECT * FROM accounts
where postal = 'H4N1X6' AND accountID > #[flowVars.lastAccountID]]]></db:parameterized-query>
            </db:select>
        </poll>
        <logger message="DataBase  return  #[payload]" level="WARN" doc:name="Logger"/>
    </flow>
    <flow name="trainingconnectorFlow" initialState="stopped">
        <file:inbound-endpoint path="src/main/resources/input" moveToPattern="#[message.inboundProperties.originalFilename].backup" moveToDirectory="src/main/resources/output" responseTimeout="10000" doc:name="File" metadata:id="dc39a4b4-9548-4021-bb00-7edff8b1553e">
            <file:filename-regex-filter pattern=".*csv" caseSensitive="false"/>
        </file:inbound-endpoint>
        <dw:transform-message doc:name="Transform Message">
            <dw:set-payload><![CDATA[%dw 1.0
%output application/java
---
payload]]></dw:set-payload>
        </dw:transform-message>
        <foreach doc:name="For Each">
            <logger message="#[payload]" level="INFO" doc:name="Logger"/>
        </foreach>
        <logger message="#[payload]" level="WARN" doc:name="Logger"/>
    </flow>
</mule>
