<?xml version="1.0" encoding="UTF-8"?>

<mule xmlns:cluster="http://www.mulesoft.org/schema/mule/ee/cluster" xmlns:ws="http://www.mulesoft.org/schema/mule/ws" xmlns:http="http://www.mulesoft.org/schema/mule/http" xmlns="http://www.mulesoft.org/schema/mule/core" xmlns:doc="http://www.mulesoft.org/schema/mule/documentation"
	xmlns:spring="http://www.springframework.org/schema/beans" 
	xmlns:xsi="http://www.w3.org/2001/XMLSchema-instance"
	xsi:schemaLocation="http://www.springframework.org/schema/beans http://www.springframework.org/schema/beans/spring-beans-current.xsd
http://www.mulesoft.org/schema/mule/core http://www.mulesoft.org/schema/mule/core/current/mule.xsd
http://www.mulesoft.org/schema/mule/ws http://www.mulesoft.org/schema/mule/ws/current/mule-ws.xsd
http://www.mulesoft.org/schema/mule/http http://www.mulesoft.org/schema/mule/http/current/mule-http.xsd">
    <http:listener-config name="HTTP_Listener_Configuration" host="0.0.0.0" port="8081" doc:name="HTTP Listener Configuration"/>
    <ws:consumer-config name="dELTAsOAPWeb_Service_Consumer" wsdlLocation="http://mu.mulesoft-training.com/essentials/delta?wsdl" service="TicketServiceService" port="TicketServicePort" serviceAddress="http://mu.mulesoft-training.com/essentials/delta" doc:name="Web Service Consumer"/>
    <http:request-config name="HTTP_Request_Configuration" protocol="HTTPS" host="anypoint.mulesoft.com" port="443" basePath="/mocking/api/v1/links/9043b166-99fc-4235-93de-f1cf9ddc65b8/api" doc:name="HTTP Request Configuration">
        <http:raml-api-configuration location="https://anypoint.mulesoft.com/exchange/api/v1/organizations/eab43fe9-719b-42e8-a91c-984cfd783a06/assets/eab43fe9-719b-42e8-a91c-984cfd783a06/testraml/1.0.5/api/root"/>
    </http:request-config>
    <configuration defaultExceptionStrategy-ref="DefaultChoiceExceptionStrategy" doc:name="Configuration">
        <http:config useTransportForUris="false"/>
    </configuration>
          <choice-exception-strategy name="DefaultChoiceExceptionStrategy" >
            <catch-exception-strategy when="#[exception.causeMatches('com.mulesoft.weave.*')]" doc:name="no Flights  DW exception">
                <set-payload value="No flights To #[flowVars.code + '\n' +  '      ' + exception]" doc:name="Set Payload"/>
                <set-property propertyName="http.status" value="400" doc:name="Property"/>
                <logger level="INFO" doc:name="Logger"/>
            </catch-exception-strategy>
            <catch-exception-strategy doc:name="data unavailable - all other exceptions">
                <set-payload value="Data is unavailable try later .     #['\n' + exception]" doc:name="Set Payload"/>
                <set-property propertyName="http.status" value="500" doc:name="Property"/>
                <logger level="INFO" doc:name="Logger"/>
            </catch-exception-strategy>
        </choice-exception-strategy>
         
</mule>
