<?xml version="1.0" encoding="UTF-8"?>

<mule xmlns:validation="http://www.mulesoft.org/schema/mule/validation" xmlns:dw="http://www.mulesoft.org/schema/mule/ee/dw" xmlns:ws="http://www.mulesoft.org/schema/mule/ws" xmlns:metadata="http://www.mulesoft.org/schema/mule/metadata" xmlns:http="http://www.mulesoft.org/schema/mule/http" xmlns:tracking="http://www.mulesoft.org/schema/mule/ee/tracking" xmlns="http://www.mulesoft.org/schema/mule/core" xmlns:doc="http://www.mulesoft.org/schema/mule/documentation"
	xmlns:spring="http://www.springframework.org/schema/beans" 
	xmlns:xsi="http://www.w3.org/2001/XMLSchema-instance"
	xsi:schemaLocation="http://www.springframework.org/schema/beans http://www.springframework.org/schema/beans/spring-beans-current.xsd
http://www.mulesoft.org/schema/mule/core http://www.mulesoft.org/schema/mule/core/current/mule.xsd
http://www.mulesoft.org/schema/mule/http http://www.mulesoft.org/schema/mule/http/current/mule-http.xsd
http://www.mulesoft.org/schema/mule/ee/tracking http://www.mulesoft.org/schema/mule/ee/tracking/current/mule-tracking-ee.xsd
http://www.mulesoft.org/schema/mule/ws http://www.mulesoft.org/schema/mule/ws/current/mule-ws.xsd
http://www.mulesoft.org/schema/mule/ee/dw http://www.mulesoft.org/schema/mule/ee/dw/current/dw.xsd
http://www.mulesoft.org/schema/mule/validation http://www.mulesoft.org/schema/mule/validation/current/mule-validation.xsd">
    <flow name="getFlightsFlow">
        <http:listener config-ref="HTTP_Listener_Configuration" path="/flights" doc:name="HTTP"/>
        <flow-ref name="getDeltaflightflow" doc:name="getDeltaflightflow"/>
        <logger level="INFO" doc:name="Logger" message="enddddddddddddddddd"/>
           <choice-exception-strategy doc:name="Choice Exception Strategy">
            <catch-exception-strategy when="#[exception.causeMatches('com.mulesoft.weave.*')]" doc:name="no Flights  DW exception">
                <set-payload value="No flights To #[flowVars.code + '\n' +  '      ' + exception]" doc:name="Set Payload"/>
                <set-property propertyName="http.status" value="400" doc:name="Property"/>
                <logger level="INFO" doc:name="Logger"/>
            </catch-exception-strategy>
            <catch-exception-strategy doc:name="data unavailable - all other exceptions">
                <set-payload value="Data is unavailable try later .     #['\n' + exception]" doc:name="Set Payload"/>
                <set-property propertyName="http.status" value="500" doc:name="Property"/>
                <logger level="INFO" doc:name="Logger"/>
            </catch-exception-strategy>
        </choice-exception-strategy>

    </flow>
    <flow name="getDeltaflightflow">
        <http:listener config-ref="HTTP_Listener_Configuration" path="/delta" allowedMethods="GET" doc:name="HTTP"/>
        <flow-ref name="setcodeSubFlow" doc:name="setcodeSubFlow"/>
        <dw:transform-message doc:name="Transform Message before">
            <dw:set-payload><![CDATA[%dw 1.0
%output application/xml
%namespace ns0 http://soap.training.mulesoft.com/
---
{
	ns0#findFlight: {
		destination: flowVars.code as :string
	}
}]]></dw:set-payload>
        </dw:transform-message>
        <ws:consumer config-ref="dELTAsOAPWeb_Service_Consumer" operation="findFlight" doc:name="Delta Soap Request"/>
        <dw:transform-message doc:name="Transform Message after" metadata:id="65840af6-e1df-479f-bfd8-9d5284b6fd59">
            <dw:set-payload><![CDATA[%dw 1.0
%output application/json
%namespace ns0 http://soap.training.mulesoft.com/
---
payload.ns0#findFlightResponse.*return map ((return,index) -> {
	airline: return.airlineName,
	flightCode: return.code,
	fromAirportCode: return.origin,
	toAirportCode: return.destination,
	departureDate: return.departureDate,
	emptySeats: return.emptySeats,
	price: return.price,
	planeType: return.planeType
})]]></dw:set-payload>
        </dw:transform-message>
        <logger level="INFO" doc:name="Logger"/>
        <dw:transform-message doc:name="Transform Message">
            <dw:set-payload><![CDATA[%dw 1.0
%output application/java
---
{
	description: "2",
	client_secret: "sss",
	client_id: "gggg"
	
	
}]]></dw:set-payload>
        </dw:transform-message>
        <http:request config-ref="HTTP_Request_Configuration" path="/products/{description}" method="GET" doc:name="HTTP">
            <http:request-builder>
                <http:query-param paramName="client_secret" value="sss"/>
                <http:query-param paramName="client_id" value="ddd"/>
                <http:uri-param paramName="description" value="2"/>
            </http:request-builder>
        </http:request>
        <logger level="INFO" doc:name="Logger"/>
        <choice-exception-strategy doc:name="Copy_of_Choice Exception Strategy">
            <catch-exception-strategy when="#[exception.causeMatches('com.mulesoft.weave.*')]" doc:name="Copy_of_no Flights  DW exception">
                <set-payload value="No flights To #[flowVars.code + '\n' +  '      ' + exception]" doc:name="Copy_of_Set Payload"/>
                <set-property propertyName="http.status" value="400" doc:name="Copy_of_Property"/>
                <logger level="INFO" doc:name="Copy_of_Logger"/>
            </catch-exception-strategy>
            <catch-exception-strategy doc:name="Copy_of_data unavailable - all other exceptions">
                <set-payload value="Data is unavailable try later .     #['\n' + exception]" doc:name="Copy_of_Set Payload"/>
                <set-property propertyName="http.status" value="500" doc:name="Copy_of_Property"/>
                <logger level="INFO" doc:name="Copy_of_Logger"/>
            </catch-exception-strategy>
        </choice-exception-strategy>
    </flow>
    <flow name="setcodeSubFlow">
        <set-variable variableName="code" value="#[message.inboundProperties.'http.query.params'.code]" doc:name="Variable"/>
    </flow>
</mule>
