<?xml version="1.0" encoding="UTF-8"?>

<mule xmlns:dw="http://www.mulesoft.org/schema/mule/ee/dw" xmlns:json="http://www.mulesoft.org/schema/mule/json" xmlns:vm="http://www.mulesoft.org/schema/mule/vm" xmlns:http="http://www.mulesoft.org/schema/mule/http" xmlns="http://www.mulesoft.org/schema/mule/core" xmlns:doc="http://www.mulesoft.org/schema/mule/documentation"
	xmlns:spring="http://www.springframework.org/schema/beans" 
	xmlns:xsi="http://www.w3.org/2001/XMLSchema-instance"
	xsi:schemaLocation="http://www.springframework.org/schema/beans http://www.springframework.org/schema/beans/spring-beans-current.xsd
http://www.mulesoft.org/schema/mule/core http://www.mulesoft.org/schema/mule/core/current/mule.xsd
http://www.mulesoft.org/schema/mule/http http://www.mulesoft.org/schema/mule/http/current/mule-http.xsd
http://www.mulesoft.org/schema/mule/ee/dw http://www.mulesoft.org/schema/mule/ee/dw/current/dw.xsd
http://www.mulesoft.org/schema/mule/json http://www.mulesoft.org/schema/mule/json/current/mule-json.xsd
http://www.mulesoft.org/schema/mule/vm http://www.mulesoft.org/schema/mule/vm/current/mule-vm.xsd">
       <flow name="trainingprojectFlow">
        <http:listener config-ref="HTTP_Listener_Configuration1" path="/" doc:name="HTTP"/>
        <set-payload value="Hello World " doc:name="Set Payload"/>
        <set-property propertyName="Firstprob" value="444444444" doc:name="Property"/>
        <set-variable variableName="var" value="#[message.inboundProperties.'http.query.params'.type]" doc:name="Variable"/>
        <set-session-variable variableName="sessionVar" value="session value" doc:name="Session Variable"/>
        <flow-ref name="trainingprojectFlow1" doc:name="trainingprojectFlow1"/>
        <logger message="Type: #[flowVars.var]   " level="INFO" doc:name="Logger"/>
    </flow>
    <flow name="trainingprojectFlow1">
        <logger message="#[flowVars.var]" level="INFO" doc:name="Logger"/>
        <set-variable variableName="var" value="new value " doc:name="Variable"/>
    </flow>
</mule>
