<?xml version="1.0" encoding="UTF-8"?>

<mule xmlns:vm="http://www.mulesoft.org/schema/mule/vm" xmlns:http="http://www.mulesoft.org/schema/mule/http" xmlns:tracking="http://www.mulesoft.org/schema/mule/ee/tracking" xmlns="http://www.mulesoft.org/schema/mule/core" xmlns:doc="http://www.mulesoft.org/schema/mule/documentation"
	xmlns:spring="http://www.springframework.org/schema/beans" 
	xmlns:xsi="http://www.w3.org/2001/XMLSchema-instance"
	xsi:schemaLocation="http://www.springframework.org/schema/beans http://www.springframework.org/schema/beans/spring-beans-current.xsd
http://www.mulesoft.org/schema/mule/core http://www.mulesoft.org/schema/mule/core/current/mule.xsd
http://www.mulesoft.org/schema/mule/http http://www.mulesoft.org/schema/mule/http/current/mule-http.xsd
http://www.mulesoft.org/schema/mule/vm http://www.mulesoft.org/schema/mule/vm/current/mule-vm.xsd
http://www.mulesoft.org/schema/mule/ee/tracking http://www.mulesoft.org/schema/mule/ee/tracking/current/mule-tracking-ee.xsd">
    <http:listener-config name="HTTP_Listener_Configuration" host="0.0.0.0" port="8081" doc:name="HTTP Listener Configuration"/>
    <flow name="testquestionFlow">
        <http:listener config-ref="HTTP_Listener_Configuration" path="/" doc:name="HTTP"/>
        <flow-ref name="subflow" doc:name="subflow"/>
        <async doc:name="Async">
            <set-variable variableName="value" value="4" doc:name="Variable"/>
            <logger message="inside async" level="INFO" doc:name="Logger"/>
        </async>
        <logger message="outside async" level="INFO" doc:name="Logger"/>
        <set-payload value="#[flowVars.value]" doc:name="Set Payload"/>
    </flow>
    <sub-flow name="subflow">
        <set-variable variableName="value" value="2" doc:name="Variable"/>
        <vm:outbound-endpoint exchange-pattern="request-response" path="vmflow" doc:name="VM"/>
    </sub-flow>
    <flow name="vmflow">
        <vm:inbound-endpoint exchange-pattern="request-response" path="vmflow" doc:name="VM"/>
        <logger level="INFO" doc:name="Logger"/>
        <set-variable variableName="value" value="3" doc:name="Variable"/>
    </flow>
</mule>
