<?xml version="1.0" encoding="UTF-8"?>

<mule xmlns:dw="http://www.mulesoft.org/schema/mule/ee/dw" xmlns:http="http://www.mulesoft.org/schema/mule/http" xmlns="http://www.mulesoft.org/schema/mule/core" xmlns:doc="http://www.mulesoft.org/schema/mule/documentation"
	xmlns:spring="http://www.springframework.org/schema/beans" 
	xmlns:xsi="http://www.w3.org/2001/XMLSchema-instance"
	xsi:schemaLocation="http://www.springframework.org/schema/beans http://www.springframework.org/schema/beans/spring-beans-current.xsd
http://www.mulesoft.org/schema/mule/core http://www.mulesoft.org/schema/mule/core/current/mule.xsd
http://www.mulesoft.org/schema/mule/http http://www.mulesoft.org/schema/mule/http/current/mule-http.xsd
http://www.mulesoft.org/schema/mule/ee/dw http://www.mulesoft.org/schema/mule/ee/dw/current/dw.xsd">
    <http:listener-config name="HTTP_Listener_Configuration" host="0.0.0.0" port="8082" doc:name="HTTP Listener Configuration"/>
    <sub-flow name="setidSubflow">
        <set-variable variableName="var" value="#[message.inboundProperties.'http.query.params'.id]" doc:name="Variable"/>
    </sub-flow>
    <flow name="traininconsumingrestFlow">
        <http:listener config-ref="HTTP_Listener_Configuration" path="/rest" doc:name="HTTP"/>
        <flow-ref name="setidSubflow" doc:name="Flow Reference"/>
        <logger message="#[flowVars.var]" level="WARN" doc:name="Logger"/>
        <http:request config-ref="HTTP_Request_Configuration" path="/products/{brand}" method="GET" doc:name="HTTP">
            <http:request-builder>
                <http:query-param paramName="client_id" value="jkj"/>
                <http:query-param paramName="client_secret" value="jh"/>
                <http:uri-param paramName="brand" value="#[flowVars.var]"/>
            </http:request-builder>
        </http:request>
        <byte-array-to-object-transformer returnClass="java.lang.String" doc:name="Byte Array to Object"/>
        <logger message="#[payload]" level="WARN" doc:name="Logger"/>
    </flow>
    <flow name="traininconsumingrestFlow1">
        <http:listener config-ref="HTTP_Listener_Configuration" path="/var" doc:name="HTTP"/>
        <flow-ref name="setidSubflow" doc:name="get id"/>
        <logger message="#[flowVars.var]" level="INFO" doc:name="Logger"/>
    </flow>
</mule>
